Смартфон Samsung Galaxy S22 128 Gb (RAM 8 Gb) Dual Sim green,Предзаказ,https://svetofor.info/images/thumbnails/300/300/detailed/299/smartfon-samsung-galaxy-s22-128-gb-ram-8-gb-dual-sim-green-1.jpg
Смартфон Xiaomi Поко М5 128 Gb (RAM 4 Gb) Dual Sim black,Предзаказ,https://svetofor.info/images/thumbnails/300/300/detailed/298/smartfon-xiaomi-poko-m5-128-gb-ram-4-gb-dual-sim-black-1.jpg
Смартфон Xiaomi Поко М5 64 Gb (RAM 4 Gb) Dual Sim yellow,Предзаказ,https://svetofor.info/images/thumbnails/300/300/detailed/298/smartfon-xiaomi-poko-m5-64-gb-ram-4-gb-dual-sim-yellow-1.jpg
Смартфон Xiaomi Редми А1 Плюс 32 Gb (RAM 2 Gb) Dual Sim black,Предзаказ,https://svetofor.info/images/thumbnails/300/300/detailed/298/smartfon-xiaomi-redmi-a1-pljus-32-gb-ram-2-gb-dual-sim-black-1.jpg
Смартфон Xiaomi Редми А1 Плюс 32 Gb (RAM 2 Gb) Dual Sim blue,Предзаказ,https://svetofor.info/images/thumbnails/300/300/detailed/298/smartfon-xiaomi-redmi-a1-pljus-32-gb-ram-2-gb-dual-sim-blue-1.jpg
Смартфон Xiaomi 12 Т 128 Gb (RAM 8 Gb) Dual Sim blue,34339 с,https://svetofor.info/images/thumbnails/300/300/detailed/298/smartfon-xiaomi-12-t-128-gb-ram-8-gb-dual-sim-blue-1.jpg
Смартфон Xiaomi 12 Т 256 Gb (RAM 8 Gb) Dual Sim black,36124 с,https://svetofor.info/images/thumbnails/300/300/detailed/298/smartfon-xiaomi-12-t-256-gb-ram-8-gb-dual-sim-black-1.jpg
Смартфон Xiaomi 12 Т Pro 256 Gb (RAM 8 Gb) Dual Sim black,43604 с,https://svetofor.info/images/thumbnails/300/300/detailed/298/smartfon-xiaomi-12-t-pro-256-gb-ram-8-gb-dual-sim-black-1.jpg
Смартфон Xiaomi Редми нот 11 128 Gb (RAM 4 Gb) Dual Sim gray,15640 с,https://svetofor.info/images/thumbnails/300/300/detailed/298/smartfon-xiaomi-redmi-not-11-128-gb-ram-4-gb-dual-sim-gray-1.jpg
Смартфон Xiaomi Редми нот 11 128 Gb (RAM 4 Gb) Dual Sim star blue,15640 с,https://svetofor.info/images/thumbnails/300/300/detailed/298/smartfon-xiaomi-redmi-not-11-128-gb-ram-4-gb-dual-sim-star-blue-1.jpg
Смартфон Apple IPhone 14 256 Gb (RAM 6 Gb) purple,93073 с,https://svetofor.info/images/thumbnails/300/300/detailed/297/smartfon-apple-iphone-14-256-gb-ram-6-gb-purple-1.jpg
Смартфон Apple IPhone 14 128 Gb (RAM 6 Gb) purple,84148 с,https://svetofor.info/images/thumbnails/300/300/detailed/297/smartfon-apple-iphone-14-128-gb-ram-6-gb-purple-1.jpg
Смартфон Apple IPhone 14 Pro 512 Gb (RAM 6 Gb) deep purple,142371 с,https://svetofor.info/images/thumbnails/300/300/detailed/297/smartfon-apple-iphone-14-pro-512-gb-ram-6-gb-deep-purple-1.jpg
Смартфон Apple IPhone 14 Pro 512 Gb (RAM 6 Gb) space black,142371 с,https://svetofor.info/images/thumbnails/300/300/detailed/297/smartfon-apple-iphone-14-pro-512-gb-ram-6-gb-space-black-1.jpg
Смартфон Apple IPhone 14 Pro Max 128 Gb (RAM 6 Gb) deep purple,138122 с,https://svetofor.info/images/thumbnails/300/300/detailed/297/smartfon-apple-iphone-14-pro-max-128-gb-ram-6-gb-deep-purple-1.jpg
Смартфон Apple IPhone 14 Pro Max 128 Gb (RAM 6 Gb) space black,138122 с,https://svetofor.info/images/thumbnails/300/300/detailed/297/smartfon-apple-iphone-14-pro-max-128-gb-ram-6-gb-space-black-1.jpg
